Unique Identifer,Title,Company,Catalog,Created At,Updated At,Active?,Image URL
dd9a3d2c-0af4-4dd4-bd88-8f96390fed16,Dummy Title 1,Dunder Mifflin Paper Co.,Plain White,2018-02-17T10:27:56.394Z,2019-10-20T01:17:33.153Z,TRUE,https://formidableengineeringconsultants.com/wp-content/uploads/2014/05/things.jpg
f8d56a04-4098-40de-9303-0af268e04e4d,Dummy Title 2,Dunder Mifflin Paper Co.,Irregulars (discounted),2018-02-01T17:20:40.367Z,2019-08-16T03:40:27.041Z,FALSE,https://formidableengineeringconsultants.com/wp-content/uploads/2014/05/things.jpg
f68b4543-b361-4e1e-9f3c-18bd75ddc0bc,Dummy Title 3,Willy Wonka's Candy Factory,Chocolates,2017-11-13T10:10:37.032Z,2020-12-04T02:15:58.306Z,TRUE,https://formidableengineeringconsultants.com/wp-content/uploads/2014/05/things.jpg
2f5290ee-7529-46e5-b621-77a4b2f1a199,Dummy Title 4,Willy Wonka's Candy Factory,Sugar Candies,2015-07-03T05:27:53.507Z,2018-12-05T17:17:07.252Z,FALSE,https://formidableengineeringconsultants.com/wp-content/uploads/2014/05/things.jpg
f6b65f5d-91d7-4ba6-a645-6363a844ee11,Dummy Title 5,Acme Co.,Explosives,2018-12-24T23:03:41.470Z,2020-08-26T05:04:44.529Z,TRUE,https://formidableengineeringconsultants.com/wp-content/uploads/2014/05/things.jpg
2e037bf8-c101-4f8b-b680-2b1a41e3f33a,Dummy Title 6,Dunder Mifflin Paper Co.,Plain White,2015-07-22T06:44:26.434Z,2018-01-11T12:30:40.484Z,TRUE,https://formidableengineeringconsultants.com/wp-content/uploads/2014/05/things.jpg
3e557312-bb6d-45a1-854d-639b43fa176e,Dummy Title 7,Acme Co.,Bird Traps,2019-12-05T10:15:15.023Z,2020-03-01T03:13:38.733Z,FALSE,https://formidableengineeringconsultants.com/wp-content/uploads/2014/05/things.jpg
10793d64-b669-4e6b-bd38-7ec0b917cbf6,Dummy Title 8,Acme Co.,Mechanized Hammers,2015-06-25T15:36:18.649Z,2018-10-03T11:27:15.213Z,FALSE,https://formidableengineeringconsultants.com/wp-content/uploads/2014/05/things.jpg
0fae4bb2-d6da-48c6-a885-ab060130f042,Dummy Title 9,Willy Wonka's Candy Factory,Didactic Confections,2019-09-02T09:30:22.003Z,2020-12-31T16:33:19.304Z,TRUE,https://formidableengineeringconsultants.com/wp-content/uploads/2014/05/things.jpg
ec052288-0f1a-4789-90c9-ad101541b992,Dummy Title 10,Dunder Mifflin Paper Co.,Card Stock,2019-05-21T10:03:28.481Z,2020-03-31T00:53:05.385Z,FALSE,https://formidableengineeringconsultants.com/wp-content/uploads/2014/05/things.jpg
2d882ff2-2a1b-4886-a873-bf013738666b,Dummy Title 11,Willy Wonka's Candy Factory,Chocolates,2019-03-30T18:11:20.458Z,2020-01-25T13:41:11.941Z,TRUE,https://formidableengineeringconsultants.com/wp-content/uploads/2014/05/things.jpg
2a469bbf-f5c9-4bc8-85bc-72af99cd9c48,Dummy Title 12,Dunder Mifflin Paper Co.,Creed's secret stash [DO NOT TOUCH],2018-11-10T16:31:11.451Z,2018-12-27T22:37:10.771Z,TRUE,https://formidableengineeringconsultants.com/wp-content/uploads/2014/05/things.jpg
816150a9-366f-45dc-a8d4-1e86f1131b00,Dummy Title 13,Dunder Mifflin Paper Co.,Irregulars (discounted),2017-03-16T14:09:59.256Z,2019-08-02T03:49:39.855Z,FALSE,https://formidableengineeringconsultants.com/wp-content/uploads/2014/05/things.jpg
477ea8d6-06e6-4f76-8088-ce9c6fa571a8,Dummy Title 14,Acme Co.,Mechanized Hammers,2017-08-31T13:18:43.097Z,2019-08-06T02:39:22.457Z,TRUE,https://formidableengineeringconsultants.com/wp-content/uploads/2014/05/things.jpg
12143321-f576-4ca4-8b6a-ceda0930c25f,Dummy Title 15,Dunder Mifflin Paper Co.,Card Stock,2018-06-28T01:40:58.513Z,2018-10-02T21:37:56.603Z,FALSE,https://formidableengineeringconsultants.com/wp-content/uploads/2014/05/things.jpg
14b2afd4-de92-49c6-a0f7-08f62ea683e0,Dummy Title 16,Dunder Mifflin Paper Co.,Card Stock,2018-12-30T09:48:26.798Z,2019-10-10T15:04:24.533Z,FALSE,https://formidableengineeringconsultants.com/wp-content/uploads/2014/05/things.jpg
1129798e-001d-4c24-87e3-bf81e3fa07ee,Dummy Title 17,Dunder Mifflin Paper Co.,Irregulars (discounted),2015-01-06T20:56:22.433Z,2017-06-03T17:20:08.953Z,FALSE,https://formidableengineeringconsultants.com/wp-content/uploads/2014/05/things.jpg
258acc3f-5323-4c22-a428-49258e0c7eaa,Dummy Title 18,Dunder Mifflin Paper Co.,Irregulars (discounted),2019-03-21T10:13:14.672Z,2020-02-26T01:14:38.108Z,TRUE,https://formidableengineeringconsultants.com/wp-content/uploads/2014/05/things.jpg
f8264164-8248-4ddb-946f-7f7ac06b075a,Dummy Title 19,Acme Co.,Bird Traps,2015-10-15T03:10:41.300Z,2018-09-30T19:49:50.202Z,TRUE,https://formidableengineeringconsultants.com/wp-content/uploads/2014/05/things.jpg
8e22bb8b-5096-4209-8ead-e181347fdfdf,Dummy Title 20,Dunder Mifflin Paper Co.,Creed's secret stash [DO NOT TOUCH],2015-01-21T21:41:43.326Z,2016-08-17T20:01:40.414Z,FALSE,https://formidableengineeringconsultants.com/wp-content/uploads/2014/05/things.jpg
700f276f-f788-4c15-82cc-e5bc29cb0a21,Dummy Title 21,Dunder Mifflin Paper Co.,Irregulars (discounted),2019-04-28T22:30:59.671Z,2020-06-21T02:14:28.993Z,TRUE,https://formidableengineeringconsultants.com/wp-content/uploads/2014/05/things.jpg
51b8325b-efab-4451-9555-6528a68b2cc5,Dummy Title 22,Acme Co.,Bird Traps,2017-11-14T01:34:42.971Z,2018-03-27T19:56:43.736Z,FALSE,https://formidableengineeringconsultants.com/wp-content/uploads/2014/05/things.jpg
d8328fea-3b8e-4f37-b8e1-146cf64b9ddb,Dummy Title 23,Willy Wonka's Candy Factory,Sugar Candies,2018-01-25T08:37:28.521Z,2020-05-17T11:46:35.488Z,TRUE,https://formidableengineeringconsultants.com/wp-content/uploads/2014/05/things.jpg
3eada37a-49d9-4980-bfec-fe8aee9c9e97,Dummy Title 24,Willy Wonka's Candy Factory,Didactic Confections,2016-02-17T19:10:29.837Z,2016-05-30T09:14:04.492Z,TRUE,https://formidableengineeringconsultants.com/wp-content/uploads/2014/05/things.jpg
c5d02210-9446-4ce5-990a-ce5f6b4d2983,Dummy Title 25,Willy Wonka's Candy Factory,Didactic Confections,2018-12-21T10:19:51.508Z,2019-11-29T14:42:59.098Z,FALSE,https://formidableengineeringconsultants.com/wp-content/uploads/2014/05/things.jpg
0811adf1-ea91-4c9a-a855-1b9ec98573f1,Dummy Title 26,Willy Wonka's Candy Factory,Chocolates,2015-11-21T01:52:59.312Z,2019-11-23T04:50:16.098Z,FALSE,https://formidableengineeringconsultants.com/wp-content/uploads/2014/05/things.jpg
4f254e7e-5896-4bea-ad96-c1f481ef9015,Dummy Title 27,Acme Co.,Mechanized Hammers,2018-04-15T17:25:24.629Z,2020-06-16T15:48:15.689Z,FALSE,https://formidableengineeringconsultants.com/wp-content/uploads/2014/05/things.jpg
3dd20c4d-a7fc-4a9e-9571-4f8a9d21969b,Dummy Title 28,Willy Wonka's Candy Factory,Chocolates,2016-01-12T00:02:51.811Z,2016-04-26T00:24:41.781Z,TRUE,https://formidableengineeringconsultants.com/wp-content/uploads/2014/05/things.jpg
4208dd86-0c06-4a16-9921-58ba1a26bb1b,Dummy Title 29,Dunder Mifflin Paper Co.,Card Stock,2015-04-04T08:35:42.715Z,2017-04-19T11:35:48.772Z,TRUE,https://formidableengineeringconsultants.com/wp-content/uploads/2014/05/things.jpg
b2769f0c-81f2-40f6-af19-9148fcf15092,Dummy Title 30,Willy Wonka's Candy Factory,Chocolates,2018-01-07T12:21:36.958Z,2020-10-07T15:12:27.765Z,TRUE,https://formidableengineeringconsultants.com/wp-content/uploads/2014/05/things.jpg
eacd7963-dbb6-4d3c-bfe3-8f3ceccbce39,Dummy Title 31,Dunder Mifflin Paper Co.,Irregulars (discounted),2017-01-31T13:32:58.831Z,2020-05-08T07:45:53.289Z,FALSE,https://formidableengineeringconsultants.com/wp-content/uploads/2014/05/things.jpg
0d759e0a-b04f-48f8-9ab0-5d6faefed00c,Dummy Title 32,Willy Wonka's Candy Factory,Sugar Candies,2016-01-10T07:23:48.273Z,2016-08-08T18:27:50.369Z,TRUE,https://formidableengineeringconsultants.com/wp-content/uploads/2014/05/things.jpg
b288932b-c018-47b5-943b-188784ffe9f7,Dummy Title 33,Willy Wonka's Candy Factory,Sugar Candies,2019-07-14T10:40:47.032Z,2020-09-02T20:05:59.327Z,FALSE,https://formidableengineeringconsultants.com/wp-content/uploads/2014/05/things.jpg
1ca78269-3d96-4ba1-b327-9b16ef072978,Dummy Title 34,Acme Co.,Explosives,2019-11-08T10:40:58.102Z,2020-12-22T01:28:32.866Z,FALSE,https://formidableengineeringconsultants.com/wp-content/uploads/2014/05/things.jpg
6aa93f7b-bd45-4784-b455-0ea0cf54e6aa,Dummy Title 35,Willy Wonka's Candy Factory,Chocolates,2016-10-15T23:09:42.995Z,2017-07-05T15:07:39.580Z,FALSE,https://formidableengineeringconsultants.com/wp-content/uploads/2014/05/things.jpg
41d12d80-6aa8-45cb-a46e-e99dba5bd27c,Dummy Title 36,Willy Wonka's Candy Factory,Sugar Candies,2017-12-24T16:51:02.176Z,2020-12-07T19:53:11.682Z,TRUE,https://formidableengineeringconsultants.com/wp-content/uploads/2014/05/things.jpg
9a5c11c8-4687-4718-a41f-cc165c94f38b,Dummy Title 37,Willy Wonka's Candy Factory,Didactic Confections,2015-06-03T22:39:33.265Z,2016-09-10T09:25:43.876Z,FALSE,https://formidableengineeringconsultants.com/wp-content/uploads/2014/05/things.jpg
39bf2dde-d597-45a9-bae3-960824132dd9,Dummy Title 38,Dunder Mifflin Paper Co.,Card Stock,2018-03-10T08:46:59.263Z,2019-03-06T16:23:07.349Z,TRUE,https://formidableengineeringconsultants.com/wp-content/uploads/2014/05/things.jpg
c144769e-c111-4740-9635-a709b0c0cb02,Dummy Title 39,Willy Wonka's Candy Factory,Didactic Confections,2017-07-21T21:52:09.726Z,2018-05-01T00:06:59.498Z,FALSE,https://formidableengineeringconsultants.com/wp-content/uploads/2014/05/things.jpg
5dd5d888-6902-457c-b947-680e0314cfcf,Dummy Title 40,Willy Wonka's Candy Factory,Didactic Confections,2018-10-08T17:56:44.894Z,2019-11-19T10:14:04.924Z,TRUE,https://formidableengineeringconsultants.com/wp-content/uploads/2014/05/things.jpg
f53e7f52-f000-46d7-974c-9f4837405611,Dummy Title 41,Willy Wonka's Candy Factory,Didactic Confections,2018-01-12T10:27:27.329Z,2018-07-26T14:45:46.333Z,TRUE,https://formidableengineeringconsultants.com/wp-content/uploads/2014/05/things.jpg
95f3f717-988f-4000-a826-f372bc653ac5,Dummy Title 42,Dunder Mifflin Paper Co.,Creed's secret stash [DO NOT TOUCH],2017-10-16T08:36:39.090Z,2020-02-20T17:37:17.210Z,FALSE,https://formidableengineeringconsultants.com/wp-content/uploads/2014/05/things.jpg
2ee9161c-df46-477e-8723-083234843b5a,Dummy Title 43,Dunder Mifflin Paper Co.,Creed's secret stash [DO NOT TOUCH],2017-11-24T13:45:39.354Z,2020-10-07T17:28:45.270Z,FALSE,https://formidableengineeringconsultants.com/wp-content/uploads/2014/05/things.jpg
bc71b7ce-b629-41df-b168-b923d7db2ecd,Dummy Title 44,Willy Wonka's Candy Factory,Didactic Confections,2018-12-18T23:12:43.814Z,2019-04-28T12:15:49.620Z,FALSE,https://formidableengineeringconsultants.com/wp-content/uploads/2014/05/things.jpg
60e99ca7-22e9-477e-b860-d152aa8cde02,Dummy Title 45,Willy Wonka's Candy Factory,Sugar Candies,2017-11-06T07:35:18.608Z,2020-12-14T01:49:37.546Z,TRUE,https://formidableengineeringconsultants.com/wp-content/uploads/2014/05/things.jpg
967ab3cb-f4ee-4b60-ac54-663cdbcead2d,Dummy Title 46,Willy Wonka's Candy Factory,Chocolates,2015-07-09T19:07:02.973Z,2016-02-06T23:20:16.274Z,FALSE,https://formidableengineeringconsultants.com/wp-content/uploads/2014/05/things.jpg
ab504069-4421-40ad-a3e4-c75572d5ad33,Dummy Title 47,Dunder Mifflin Paper Co.,Plain White,2015-09-14T12:32:15.164Z,2020-09-30T04:29:44.922Z,TRUE,https://formidableengineeringconsultants.com/wp-content/uploads/2014/05/things.jpg
e9958e94-39f6-4c8d-92fe-e301aa410764,Dummy Title 48,Willy Wonka's Candy Factory,Chocolates,2019-06-06T12:58:38.679Z,2020-12-20T00:22:30.204Z,TRUE,https://formidableengineeringconsultants.com/wp-content/uploads/2014/05/things.jpg
14c21ee2-e7b1-46a1-a9f4-3340796bd74b,Dummy Title 49,Willy Wonka's Candy Factory,Didactic Confections,2018-04-21T05:19:15.019Z,2020-07-11T05:46:57.041Z,TRUE,https://formidableengineeringconsultants.com/wp-content/uploads/2014/05/things.jpg
e6258564-acf2-4e5a-9466-ea9d334820dc,Dummy Title 50,Dunder Mifflin Paper Co.,Card Stock,2017-04-04T20:04:07.694Z,2019-01-01T13:26:54.925Z,TRUE,https://formidableengineeringconsultants.com/wp-content/uploads/2014/05/things.jpg
2053d410-c75c-4a0c-ba2e-5a3f86ef949e,Dummy Title 51,Dunder Mifflin Paper Co.,Card Stock,2017-04-15T17:32:47.917Z,2018-09-30T21:04:57.391Z,FALSE,https://formidableengineeringconsultants.com/wp-content/uploads/2014/05/things.jpg
2fab1d85-66bc-4aa9-8550-e4de786801df,Dummy Title 52,Acme Co.,Bird Traps,2016-11-07T07:46:30.860Z,2020-02-17T20:40:39.006Z,TRUE,https://formidableengineeringconsultants.com/wp-content/uploads/2014/05/things.jpg
385471a5-6aeb-42b6-b7eb-5a57e9f06098,Dummy Title 53,Dunder Mifflin Paper Co.,Card Stock,2017-09-22T06:11:57.356Z,2018-09-26T20:17:28.341Z,FALSE,https://formidableengineeringconsultants.com/wp-content/uploads/2014/05/things.jpg
4ed202f3-5762-4040-8147-8ff8276a8ded,Dummy Title 54,Willy Wonka's Candy Factory,Didactic Confections,2018-03-07T23:20:04.466Z,2018-03-18T11:43:04.787Z,FALSE,https://formidableengineeringconsultants.com/wp-content/uploads/2014/05/things.jpg
45eb694f-3f88-4102-a90f-9abe2bd1d080,Dummy Title 55,Dunder Mifflin Paper Co.,Plain White,2018-08-27T10:19:02.501Z,2018-12-04T22:43:37.892Z,FALSE,https://formidableengineeringconsultants.com/wp-content/uploads/2014/05/things.jpg
85bf1394-b51b-4b6e-924a-9e2aea75da3f,Dummy Title 56,Dunder Mifflin Paper Co.,Irregulars (discounted),2015-07-15T18:46:53.077Z,2020-11-25T07:38:32.066Z,FALSE,https://formidableengineeringconsultants.com/wp-content/uploads/2014/05/things.jpg
ce36895a-1898-41d6-9a8b-cdeba235ed9a,Dummy Title 57,Dunder Mifflin Paper Co.,Plain White,2016-06-09T19:56:44.410Z,2019-01-16T19:18:31.514Z,FALSE,https://formidableengineeringconsultants.com/wp-content/uploads/2014/05/things.jpg
457528be-52b7-4e5f-9264-17f782ff6fd1,Dummy Title 58,Willy Wonka's Candy Factory,Sugar Candies,2015-11-02T17:18:17.051Z,2019-04-25T01:10:14.827Z,TRUE,https://formidableengineeringconsultants.com/wp-content/uploads/2014/05/things.jpg
e5cf2cb0-1693-40ce-8154-41ab99deddb6,Dummy Title 59,Willy Wonka's Candy Factory,Chocolates,2017-01-17T00:51:51.729Z,2020-01-27T00:58:29.112Z,TRUE,https://formidableengineeringconsultants.com/wp-content/uploads/2014/05/things.jpg
44efc6ef-5077-4273-b0f4-2200e5e0a754,Dummy Title 60,Willy Wonka's Candy Factory,Didactic Confections,2017-02-09T04:46:35.240Z,2019-03-08T02:35:03.515Z,TRUE,https://formidableengineeringconsultants.com/wp-content/uploads/2014/05/things.jpg
ed4dd78f-add9-4370-aa88-094254d07808,Dummy Title 61,Dunder Mifflin Paper Co.,Creed's secret stash [DO NOT TOUCH],2017-11-21T07:05:40.931Z,2018-03-30T10:24:38.084Z,FALSE,https://formidableengineeringconsultants.com/wp-content/uploads/2014/05/things.jpg
a2a01579-3674-413f-bb1a-6e4e9e036b94,Dummy Title 62,Willy Wonka's Candy Factory,Didactic Confections,2016-06-03T17:11:41.053Z,2016-08-28T10:03:39.715Z,TRUE,https://formidableengineeringconsultants.com/wp-content/uploads/2014/05/things.jpg
b7a94ada-21b6-48ce-ab87-4ead7bb9b395,Dummy Title 63,Dunder Mifflin Paper Co.,Irregulars (discounted),2019-12-09T11:20:37.995Z,2020-07-04T04:00:44.177Z,FALSE,https://formidableengineeringconsultants.com/wp-content/uploads/2014/05/things.jpg
0d7f353d-ae58-450c-9ec8-e79f21e9a634,Dummy Title 64,Willy Wonka's Candy Factory,Didactic Confections,2019-12-01T19:05:48.582Z,2020-10-13T20:11:17.844Z,FALSE,https://formidableengineeringconsultants.com/wp-content/uploads/2014/05/things.jpg
211babc5-8e4d-42cb-8fd1-f96ab4bedea6,Dummy Title 65,Willy Wonka's Candy Factory,Sugar Candies,2019-02-02T14:32:59.031Z,2019-02-26T19:02:51.140Z,TRUE,https://formidableengineeringconsultants.com/wp-content/uploads/2014/05/things.jpg
3a093ba6-7d66-4c43-b77b-558a9223211f,Dummy Title 66,Dunder Mifflin Paper Co.,Irregulars (discounted),2016-09-24T11:47:46.063Z,2017-08-12T08:44:52.806Z,TRUE,https://formidableengineeringconsultants.com/wp-content/uploads/2014/05/things.jpg
7fd32a3e-be5b-4be8-9f2d-b09b4d14afde,Dummy Title 67,Dunder Mifflin Paper Co.,Plain White,2015-02-23T00:51:25.177Z,2018-06-25T05:05:26.674Z,FALSE,https://formidableengineeringconsultants.com/wp-content/uploads/2014/05/things.jpg
6d3b388e-f697-46c0-aed2-8bbba6d3ced9,Dummy Title 68,Dunder Mifflin Paper Co.,Plain White,2015-08-21T15:13:15.861Z,2016-11-22T15:43:46.374Z,FALSE,https://formidableengineeringconsultants.com/wp-content/uploads/2014/05/things.jpg
ca88ae59-f086-451e-b437-8beb91197b58,Dummy Title 69,Willy Wonka's Candy Factory,Sugar Candies,2019-07-22T16:07:28.403Z,2020-09-06T18:07:54.854Z,TRUE,https://formidableengineeringconsultants.com/wp-content/uploads/2014/05/things.jpg
b68f7a3c-9df4-4db4-9942-d096ecf61783,Dummy Title 70,Willy Wonka's Candy Factory,Chocolates,2015-02-21T12:57:18.105Z,2020-04-22T04:35:44.097Z,TRUE,https://formidableengineeringconsultants.com/wp-content/uploads/2014/05/things.jpg
c3722d99-164c-42fc-97de-cfde4d3d1686,Dummy Title 71,Acme Co.,Bird Traps,2017-12-19T09:39:13.904Z,2019-06-07T14:08:54.394Z,TRUE,https://formidableengineeringconsultants.com/wp-content/uploads/2014/05/things.jpg
1703f637-7d12-49f8-9a24-89424a33550b,Dummy Title 72,Acme Co.,Mechanized Hammers,2015-02-10T03:03:54.628Z,2019-09-11T01:13:41.472Z,TRUE,https://formidableengineeringconsultants.com/wp-content/uploads/2014/05/things.jpg
e0c54222-ef36-43a2-862c-372ca7084698,Dummy Title 73,Willy Wonka's Candy Factory,Sugar Candies,2015-06-13T21:17:36.206Z,2019-03-12T06:10:58.333Z,TRUE,https://formidableengineeringconsultants.com/wp-content/uploads/2014/05/things.jpg
bad4f640-d71e-4fe9-a610-a38063974a43,Dummy Title 74,Willy Wonka's Candy Factory,Sugar Candies,2016-06-10T16:26:42.669Z,2017-11-28T16:47:50.442Z,TRUE,https://formidableengineeringconsultants.com/wp-content/uploads/2014/05/things.jpg
71a18f46-7375-4d75-bcea-df0cefa59645,Dummy Title 75,Acme Co.,Explosives,2016-05-08T05:04:01.836Z,2018-12-19T17:07:12.022Z,TRUE,https://formidableengineeringconsultants.com/wp-content/uploads/2014/05/things.jpg
fb7bde63-8c9f-45bc-a1b8-e00a2c23f9e8,Dummy Title 76,Dunder Mifflin Paper Co.,Card Stock,2019-02-21T01:37:35.395Z,2020-04-29T14:33:30.012Z,TRUE,https://formidableengineeringconsultants.com/wp-content/uploads/2014/05/things.jpg
f77e0285-8371-4f82-bc40-c884a4219a75,Dummy Title 77,Acme Co.,Mechanized Hammers,2017-07-15T17:01:21.116Z,2017-12-19T02:53:13.574Z,FALSE,https://formidableengineeringconsultants.com/wp-content/uploads/2014/05/things.jpg
230c68ec-f9ce-47b5-8f15-db308a1103db,Dummy Title 78,Acme Co.,Mechanized Hammers,2015-02-27T23:48:53.882Z,2019-09-22T07:45:10.863Z,FALSE,https://formidableengineeringconsultants.com/wp-content/uploads/2014/05/things.jpg
3e22ee22-176f-41fc-a6c9-4a8d13632f37,Dummy Title 79,Acme Co.,Explosives,2019-03-29T04:18:03.952Z,2020-06-30T00:56:01.808Z,TRUE,https://formidableengineeringconsultants.com/wp-content/uploads/2014/05/things.jpg
28244fd2-5d22-4664-8953-d99438a2d551,Dummy Title 80,Acme Co.,Bird Traps,2019-07-07T14:13:49.144Z,2019-11-19T20:32:23.927Z,FALSE,https://formidableengineeringconsultants.com/wp-content/uploads/2014/05/things.jpg
dabd5e90-d82c-4b79-85d8-4474a5969fa2,Dummy Title 81,Dunder Mifflin Paper Co.,Plain White,2019-02-05T16:47:16.880Z,2019-05-27T03:16:09.751Z,FALSE,https://formidableengineeringconsultants.com/wp-content/uploads/2014/05/things.jpg
59a95a82-bdf2-4d2c-94f6-e7c6e797084d,Dummy Title 82,Acme Co.,Mechanized Hammers,2018-04-21T16:55:04.654Z,2020-05-12T00:05:46.019Z,FALSE,https://formidableengineeringconsultants.com/wp-content/uploads/2014/05/things.jpg
7c853e25-e785-45d7-86a9-6b6246253765,Dummy Title 83,Dunder Mifflin Paper Co.,Creed's secret stash [DO NOT TOUCH],2015-11-30T05:04:29.014Z,2018-08-13T18:01:17.196Z,FALSE,https://formidableengineeringconsultants.com/wp-content/uploads/2014/05/things.jpg
b3da1ccf-5f38-4ac5-a8ea-27d930f34b1e,Dummy Title 84,Acme Co.,Explosives,2017-12-29T06:43:08.544Z,2020-05-23T11:01:54.140Z,FALSE,https://formidableengineeringconsultants.com/wp-content/uploads/2014/05/things.jpg
19ddd2ac-094a-4511-864a-75c565b0bf8c,Dummy Title 85,Willy Wonka's Candy Factory,Sugar Candies,2019-03-27T03:39:22.856Z,2020-07-04T18:04:04.056Z,FALSE,https://formidableengineeringconsultants.com/wp-content/uploads/2014/05/things.jpg
3aaa604e-67b8-4eae-aeed-348204d0c36f,Dummy Title 86,Willy Wonka's Candy Factory,Chocolates,2017-03-09T07:05:46.249Z,2019-07-31T17:51:31.455Z,FALSE,https://formidableengineeringconsultants.com/wp-content/uploads/2014/05/things.jpg
29b6b1f6-480b-4358-8b71-dd7bcdb3641a,Dummy Title 87,Acme Co.,Bird Traps,2019-07-27T02:01:37.583Z,2019-10-20T11:19:49.456Z,TRUE,https://formidableengineeringconsultants.com/wp-content/uploads/2014/05/things.jpg
e9a9a71a-1c53-4a76-95ca-cb3849307c0f,Dummy Title 88,Willy Wonka's Candy Factory,Sugar Candies,2018-01-08T20:20:16.783Z,2020-06-07T13:06:50.531Z,FALSE,https://formidableengineeringconsultants.com/wp-content/uploads/2014/05/things.jpg
7f01ddbc-fd12-4538-8937-89c9e8b2b304,Dummy Title 89,Acme Co.,Explosives,2017-08-04T19:47:29.472Z,2019-07-12T19:12:18.221Z,FALSE,https://formidableengineeringconsultants.com/wp-content/uploads/2014/05/things.jpg
420736c0-c00a-4936-a686-48bd13259244,Dummy Title 90,Acme Co.,Explosives,2015-11-26T23:34:33.785Z,2019-10-24T00:50:28.354Z,TRUE,https://formidableengineeringconsultants.com/wp-content/uploads/2014/05/things.jpg
a7049bfa-3441-49a7-b29e-a76d49a783a5,Dummy Title 91,Acme Co.,Explosives,2019-06-21T21:24:33.587Z,2020-10-19T22:17:00.416Z,TRUE,https://formidableengineeringconsultants.com/wp-content/uploads/2014/05/things.jpg
f0f5df68-2ff9-49fa-b3ec-86965360297e,Dummy Title 92,Dunder Mifflin Paper Co.,Irregulars (discounted),2017-01-21T21:27:10.289Z,2018-09-28T19:59:38.780Z,TRUE,https://formidableengineeringconsultants.com/wp-content/uploads/2014/05/things.jpg
de50a8ee-8bc0-4b1e-acd8-62fe6c307262,Dummy Title 93,Dunder Mifflin Paper Co.,Plain White,2018-04-26T13:19:09.237Z,2020-03-09T05:32:37.266Z,TRUE,https://formidableengineeringconsultants.com/wp-content/uploads/2014/05/things.jpg
16fa0c21-ebdc-4315-ad8d-056933224d60,Dummy Title 94,Acme Co.,Mechanized Hammers,2017-08-29T15:26:31.421Z,2017-12-09T09:25:42.814Z,TRUE,https://formidableengineeringconsultants.com/wp-content/uploads/2014/05/things.jpg
18da0432-43b5-4e5c-be72-d9ca7e6d1e4c,Dummy Title 95,Acme Co.,Explosives,2018-04-10T16:01:43.442Z,2020-11-11T07:16:57.245Z,FALSE,https://formidableengineeringconsultants.com/wp-content/uploads/2014/05/things.jpg
725ceb17-cde9-4573-b1d2-938d4767940c,Dummy Title 96,Dunder Mifflin Paper Co.,Creed's secret stash [DO NOT TOUCH],2015-11-07T01:10:47.143Z,2017-10-13T20:53:27.147Z,FALSE,https://formidableengineeringconsultants.com/wp-content/uploads/2014/05/things.jpg
3d5e3371-373c-4451-81d2-ae9f7cc7076a,Dummy Title 97,Willy Wonka's Candy Factory,Chocolates,2015-11-15T14:21:44.679Z,2018-09-23T19:53:32.117Z,FALSE,https://formidableengineeringconsultants.com/wp-content/uploads/2014/05/things.jpg
f76adc7f-b4a2-4812-b47a-64a586b03e94,Dummy Title 98,Acme Co.,Explosives,2018-03-22T04:08:32.865Z,2019-01-22T02:18:11.731Z,TRUE,https://formidableengineeringconsultants.com/wp-content/uploads/2014/05/things.jpg
dd7c2355-cf2d-4c4a-a85d-5eade8f8fe47,Dummy Title 99,Acme Co.,Mechanized Hammers,2018-01-03T07:58:38.608Z,2020-11-30T04:33:13.885Z,FALSE,https://formidableengineeringconsultants.com/wp-content/uploads/2014/05/things.jpg
418802ed-c451-4f4b-bd63-3720d5d56be5,Dummy Title 100,Willy Wonka's Candy Factory,Sugar Candies,2018-11-05T05:44:49.982Z,2019-02-06T03:01:12.558Z,TRUE,https://formidableengineeringconsultants.com/wp-content/uploads/2014/05/things.jpg